<?xml version="1.0" encoding="UTF-8"?>
<metadata xml:lang="et"><Esri><CreaDate>20181113</CreaDate><CreaTime>07294300</CreaTime><ArcGISFormat>1.0</ArcGISFormat><ArcGISstyle>ISO 19139 Metadata Implementation Specification</ArcGISstyle><SyncOnce>TRUE</SyncOnce><DataProperties><lineage><Process ToolSource="c:\program files (x86)\arcgis\desktop10.6\ArcToolbox\Toolboxes\Data Management Tools.tbx\CalculateField" Date="20181111" Time="232609">CalculateField population_square_km Population "Int ( [VAARTUS] )" VB #</Process><Process ToolSource="c:\program files (x86)\arcgis\desktop10.6\ArcToolbox\Toolboxes\Data Management Tools.tbx\CalculateField" Date="20181111" Time="232624">CalculateField population_square_km Population 2 VB #</Process><Process ToolSource="c:\program files (x86)\arcgis\desktop10.6\ArcToolbox\Toolboxes\Data Management Tools.tbx\CalculateField" Date="20181113" Time="073027">CalculateField population_square_km Population [VAARTUS] VB #</Process></lineage></DataProperties></Esri></metadata>
